Day,Hour,Base_Load_W
1,1,2270.4
1,2,2131.4
1,3,2075.0
1,4,2057.1
1,5,2058.6
1,6,2125.4
1,7,2442.9
1,8,2727.1
1,9,2632.2
1,10,2563.9
1,11,2513.2
1,12,2407.7
1,13,2436.9
1,14,2415.3
1,15,2460.0
1,16,2594.9
1,17,2920.9
1,18,3118.6
1,19,3099.6
1,20,3035.8
1,21,3018.9
1,22,2994.2
1,23,2825.4
1,24,2403.7
2,1,2135.7
2,2,2015.4
2,3,1958.1
2,4,1959.6
2,5,1965.2
2,6,2065.8
2,7,2428.1
2,8,2633.8
2,9,2587.9
2,10,2491.4
2,11,2378.7
2,12,2353.8
2,13,2300.4
2,14,2309.2
2,15,2466.0
2,16,2636.9
2,17,2959.1
2,18,3130.0
2,19,3087.6
2,20,2989.6
2,21,3001.2
2,22,2950.2
2,23,2748.6
2,24,2381.2
3,1,2082.3
3,2,1905.0
3,3,1877.0
3,4,1856.2
3,5,1864.0
3,6,1945.3
3,7,2204.2
3,8,2542.6
3,9,2463.2
3,10,2348.7
3,11,2272.8
3,12,2175.7
3,13,2170.7
3,14,2170.4
3,15,2280.9
3,16,2431.9
3,17,2777.3
3,18,3014.0
3,19,2988.6
3,20,2871.5
3,21,2954.3
3,22,2870.8
3,23,2744.3
3,24,2462.1
4,1,2185.2
4,2,2068.0
4,3,2039.8
4,4,2000.0
4,5,2036.7
4,6,2128.4
4,7,2452.7
4,8,2751.2
4,9,2673.4
4,10,2542.1
4,11,2537.3
4,12,2458.2
4,13,2410.9
4,14,2405.1
4,15,2516.0
4,16,2740.2
4,17,2944.4
4,18,3248.5
4,19,3199.2
4,20,3138.5
4,21,3114.7
4,22,3074.8
4,23,2936.0
4,24,2597.2
5,1,2373.6
5,2,2221.6
5,3,2148.4
5,4,2114.6
5,5,2156.5
5,6,2249.5
5,7,2581.0
5,8,2892.6
5,9,2869.3
5,10,2822.6
5,11,2679.0
5,12,2633.9
5,13,2552.1
5,14,2499.7
5,15,2606.1
5,16,2733.7
5,17,2963.2
5,18,3144.1
5,19,3308.9
5,20,3227.5
5,21,3178.0
5,22,3069.2
5,23,2938.0
5,24,2734.5
6,1,2506.8
6,2,2380.8
6,3,2334.1
6,4,2321.3
6,5,2305.6
6,6,2342.6
6,7,2414.9
6,8,2525.8
6,9,2710.8
6,10,2882.2
6,11,3021.4
6,12,3009.5
6,13,3016.9
6,14,3024.3
6,15,2926.6
6,16,2984.9
6,17,3038.7
6,18,3059.5
6,19,3042.1
6,20,3058.2
6,21,2866.3
6,22,2659.1
6,23,2464.1
6,24,2329.9
7,1,2136.5
7,2,2020.2
7,3,1997.6
7,4,1965.6
7,5,1961.9
7,6,2026.4
7,7,2107.8
7,8,2174.9
7,9,2337.5
7,10,2620.7
7,11,2740.5
7,12,2780.0
7,13,2688.6
7,14,2592.7
7,15,2603.5
7,16,2757.1
7,17,3099.4
7,18,3117.0
7,19,3136.2
7,20,3108.8
7,21,3132.2
7,22,2956.4
7,23,2829.8
7,24,2510.4
8,1,2299.5
8,2,2181.0
8,3,2122.2
8,4,2167.2
8,5,2197.6
8,6,2300.1
8,7,2612.9
8,8,2974.0
8,9,2876.3
8,10,2745.2
8,11,2632.8
8,12,2546.2
8,13,2499.1
8,14,2445.2
8,15,2502.8
8,16,2685.1
8,17,3101.1
8,18,3216.5
8,19,3170.2
8,20,3237.1
8,21,3154.9
8,22,3147.9
8,23,2883.3
8,24,2578.8
9,1,2314.3
9,2,2198.3
9,3,2143.4
9,4,2130.3
9,5,2128.6
9,6,2200.0
9,7,2522.3
9,8,2743.5
9,9,2678.5
9,10,2525.2
9,11,2460.9
9,12,2429.8
9,13,2351.3
9,14,2346.4
9,15,2389.0
9,16,2498.1
9,17,2804.6
9,18,3065.0
9,19,3071.0
9,20,3065.1
9,21,3059.4
9,22,3024.0
9,23,2836.6
9,24,2537.2
10,1,2240.0
10,2,2098.1
10,3,2045.6
10,4,2081.1
10,5,2056.6
10,6,2157.6
10,7,2436.8
10,8,2711.9
10,9,2620.1
10,10,2516.4
10,11,2466.4
10,12,2317.2
10,13,2256.8
10,14,2236.2
10,15,2385.6
10,16,2478.0
10,17,2784.2
10,18,2990.6
10,19,3003.7
10,20,2955.9
10,21,2962.5
10,22,2914.1
10,23,2766.5
10,24,2436.4
11,1,2122.6
11,2,2016.6
11,3,1999.5
11,4,1930.3
11,5,1963.5
11,6,2062.3
11,7,2345.7
11,8,2702.0
11,9,2535.3
11,10,2410.3
11,11,2405.2
11,12,2210.8
11,13,2149.3
11,14,2160.5
11,15,2217.6
11,16,2355.2
11,17,2688.8
11,18,2848.3
11,19,2889.8
11,20,2888.9
11,21,2878.7
11,22,2872.0
11,23,2756.5
11,24,2417.2
12,1,2135.7
12,2,2036.2
12,3,1961.0
12,4,1916.2
12,5,1949.2
12,6,2031.4
12,7,2285.2
12,8,2611.5
12,9,2482.0
12,10,2400.6
12,11,2300.8
12,12,2246.2
12,13,2260.8
12,14,2278.8
12,15,2337.0
12,16,2419.7
12,17,2654.1
12,18,2840.9
12,19,2846.6
12,20,2727.1
12,21,2620.1
12,22,2446.5
12,23,2341.4
12,24,2198.6
13,1,2013.3
13,2,1876.9
13,3,1900.5
13,4,1827.6
13,5,1815.4
13,6,1870.7
13,7,1924.3
13,8,2026.7
13,9,2243.7
13,10,2473.2
13,11,2581.2
13,12,2612.1
13,13,2637.6
13,14,2596.3
13,15,2580.5
13,16,2561.6
13,17,2700.6
13,18,2837.5
13,19,2898.2
13,20,2824.5
13,21,2764.3
13,22,2649.4
13,23,2527.7
13,24,2357.0
14,1,2240.8
14,2,2112.1
14,3,2058.2
14,4,2054.8
14,5,2018.9
14,6,2094.8
14,7,2150.8
14,8,2191.1
14,9,2436.8
14,10,2685.1
14,11,2754.2
14,12,2789.9
14,13,2721.5
14,14,2618.1
14,15,2763.6
14,16,2898.4
14,17,3022.5
14,18,3160.0
14,19,3218.5
14,20,3183.4
14,21,3146.8
14,22,2960.8
14,23,2782.9
14,24,2498.3
15,1,2230.6
15,2,2095.4
15,3,2063.9
15,4,2051.6
15,5,2079.7
15,6,2115.5
15,7,2437.0
15,8,2781.4
15,9,2644.0
15,10,2504.0
15,11,2395.8
15,12,2310.5
15,13,2209.1
15,14,2168.4
15,15,2235.0
15,16,2345.3
15,17,2720.6
15,18,2920.8
15,19,2968.1
15,20,2893.1
15,21,2863.6
15,22,2882.3
15,23,2733.8
15,24,2287.4
16,1,2038.7
16,2,1933.9
16,3,1807.7
16,4,1838.5
16,5,1862.9
16,6,1921.5
16,7,2234.2
16,8,2589.3
16,9,2487.8
16,10,2371.2
16,11,2223.9
16,12,2138.8
16,13,2161.0
16,14,2101.3
16,15,2181.0
16,16,2340.4
16,17,2685.5
16,18,2917.0
16,19,2938.4
16,20,2811.1
16,21,2814.4
16,22,2879.1
16,23,2746.4
16,24,2376.7
17,1,2131.4
17,2,2017.9
17,3,1993.7
17,4,1978.7
17,5,1997.0
17,6,2072.7
17,7,2393.3
17,8,2725.2
17,9,2647.6
17,10,2516.3
17,11,2392.7
17,12,2276.4
17,13,2176.3
17,14,2192.8
17,15,2194.7
17,16,2331.3
17,17,2707.9
17,18,3009.5
17,19,3028.0
17,20,3022.2
17,21,2979.3
17,22,2984.9
17,23,2869.9
17,24,2542.1
18,1,2253.7
18,2,2142.2
18,3,2114.9
18,4,2092.2
18,5,2147.9
18,6,2177.9
18,7,2511.9
18,8,2813.3
18,9,2745.6
18,10,2565.7
18,11,2504.5
18,12,2390.1
18,13,2383.5
18,14,2430.4
18,15,2490.2
18,16,2638.5
18,17,2895.5
18,18,3104.2
18,19,3070.5
18,20,3038.1
18,21,3041.7
18,22,2955.6
18,23,2827.0
18,24,2521.5
19,1,2194.5
19,2,2037.0
19,3,1998.3
19,4,2018.9
19,5,2056.4
19,6,2097.7
19,7,2429.0
19,8,2761.1
19,9,2685.1
19,10,2540.6
19,11,2470.5
19,12,2358.6
19,13,2330.2
19,14,2264.8
19,15,2316.9
19,16,2406.1
19,17,2681.9
19,18,2842.1
19,19,2890.0
19,20,2805.2
19,21,2734.9
19,22,2645.1
19,23,2508.3
19,24,2386.1
20,1,2267.0
20,2,2159.2
20,3,2102.9
20,4,2054.4
20,5,2089.7
20,6,2166.9
20,7,2201.2
20,8,2303.9
20,9,2544.2
20,10,2784.7
20,11,2894.4
20,12,2911.0
20,13,2896.4
20,14,2814.0
20,15,2837.1
20,16,2846.1
20,17,2974.5
20,18,3068.0
20,19,3068.1
20,20,2902.7
20,21,2818.9
20,22,2675.2
20,23,2489.8
20,24,2348.1
21,1,2219.8
21,2,2109.6
21,3,2063.5
21,4,1982.7
21,5,1992.4
21,6,2040.1
21,7,2084.1
21,8,2140.7
21,9,2317.2
21,10,2664.4
21,11,2748.8
21,12,2843.5
21,13,2811.2
21,14,2751.0
21,15,2774.3
21,16,2803.7
21,17,2946.9
21,18,3074.9
21,19,3102.6
21,20,3026.3
21,21,2959.3
21,22,2853.1
21,23,2647.1
21,24,2349.6
22,1,2061.1
22,2,1909.3
22,3,1920.2
22,4,1905.9
22,5,1929.4
22,6,2005.6
22,7,2292.7
22,8,2572.4
22,9,2469.9
22,10,2406.6
22,11,2310.4
22,12,2269.6
22,13,2205.0
22,14,2280.1
22,15,2289.9
22,16,2429.8
22,17,2813.7
22,18,2986.2
22,19,2974.3
22,20,2927.2
22,21,2968.4
22,22,2913.1
22,23,2748.8
22,24,2422.1
23,1,2169.7
23,2,2043.2
23,3,2002.6
23,4,1979.3
23,5,2031.8
23,6,2094.7
23,7,2447.9
23,8,2720.8
23,9,2557.1
23,10,2518.9
23,11,2449.2
23,12,2373.9
23,13,2308.1
23,14,2337.3
23,15,2462.7
23,16,2637.3
23,17,2916.0
23,18,3136.7
23,19,3085.8
23,20,3031.3
23,21,3124.8
23,22,3028.3
23,23,2856.0
23,24,2517.3
24,1,2142.4
24,2,2038.8
24,3,2014.2
24,4,2021.0
24,5,2051.2
24,6,2168.0
24,7,2506.4
24,8,2787.3
24,9,2711.2
24,10,2647.5
24,11,2539.8
24,12,2451.9
24,13,2351.8
24,14,2389.0
24,15,2475.6
24,16,2548.5
24,17,2850.9
24,18,3106.5
24,19,3073.4
24,20,3064.9
24,21,3011.4
24,22,2996.0
24,23,2864.7
24,24,2524.9
25,1,2269.6
25,2,2080.7
25,3,2088.3
25,4,2049.7
25,5,2080.4
25,6,2189.8
25,7,2511.0
25,8,2840.6
25,9,2689.6
25,10,2606.5
25,11,2497.7
25,12,2442.8
25,13,2452.1
25,14,2459.3
25,15,2590.6
25,16,2672.4
25,17,2981.0
25,18,3140.3
25,19,3136.0
25,20,3167.4
25,21,3181.5
25,22,3160.6
25,23,2966.9
25,24,2635.3
26,1,2426.4
26,2,2224.6
26,3,2162.4
26,4,2122.3
26,5,2170.0
26,6,2234.0
26,7,2483.9
26,8,2839.7
26,9,2723.3
26,10,2631.5
26,11,2541.7
26,12,2544.4
26,13,2575.5
26,14,2521.8
26,15,2556.0
26,16,2669.9
26,17,2902.9
26,18,3017.4
26,19,3041.6
26,20,2986.4
26,21,2846.8
26,22,2704.1
26,23,2522.6
26,24,2348.5
27,1,2166.0
27,2,2044.8
27,3,2004.3
27,4,1993.6
27,5,1974.3
27,6,2011.4
27,7,2078.9
27,8,2172.6
27,9,2389.1
27,10,2607.3
27,11,2704.9
27,12,2708.5
27,13,2639.2
27,14,2634.7
27,15,2590.7
27,16,2653.1
27,17,2731.9
27,18,2863.7
27,19,3004.4
27,20,2836.3
27,21,2762.2
27,22,2606.3
27,23,2481.5
27,24,2298.7
28,1,2119.3
28,2,2036.1
28,3,1977.7
28,4,1959.5
28,5,1999.6
28,6,2084.7
28,7,2141.0
28,8,2235.7
28,9,2463.8
28,10,2672.2
28,11,2813.3
28,12,2870.3
28,13,2758.9
28,14,2610.0
28,15,2568.1
28,16,2626.5
28,17,2844.1
28,18,3086.3
28,19,3097.9
28,20,3142.0
28,21,3123.8
28,22,3036.9
28,23,2825.1
28,24,2565.0
29,1,2358.7
29,2,2218.6
29,3,2231.7
29,4,2250.8
29,5,2283.8
29,6,2374.1
29,7,2714.4
29,8,3086.0
29,9,2981.3
29,10,2788.5
29,11,2694.9
29,12,2565.6
29,13,2525.2
29,14,2501.3
29,15,2579.2
29,16,2732.6
29,17,3138.8
29,18,3320.3
29,19,3275.9
29,20,3255.0
29,21,3272.2
29,22,3216.4
29,23,2969.0
29,24,2679.4
30,1,2416.2
30,2,2278.3
30,3,2219.6
30,4,2239.8
30,5,2260.7
30,6,2356.7
30,7,2704.1
30,8,3009.1
30,9,2859.0
30,10,2755.8
30,11,2696.4
30,12,2591.9
30,13,2488.1
30,14,2367.7
30,15,2380.8
30,16,2476.8
30,17,2829.3
30,18,3206.9
30,19,3316.3
30,20,3333.2
30,21,3295.8
30,22,3238.9
30,23,3153.3
30,24,2825.3
31,1,2566.8
31,2,2462.6
31,3,2418.1
31,4,2458.8
31,5,2460.6
31,6,2532.1
31,7,2920.1
31,8,3195.4
31,9,3078.6
31,10,2922.8
31,11,2776.5
31,12,2681.0
31,13,2572.4
31,14,2611.0
31,15,2665.5
31,16,2813.6
31,17,3102.7
31,18,3208.3
31,19,3199.2
31,20,3110.4
31,21,3045.4
31,22,3040.5
31,23,2908.0
31,24,2536.6
32,1,2264.5
32,2,2150.3
32,3,2062.8
32,4,2097.4
32,5,2187.9
32,6,2236.2
32,7,2511.0
32,8,2917.8
32,9,2805.1
32,10,2578.2
32,11,2512.7
32,12,2355.0
32,13,2324.2
32,14,2285.5
32,15,2298.4
32,16,2430.8
32,17,2698.3
32,18,2897.8
32,19,2903.3
32,20,2910.7
32,21,2931.7
32,22,2914.2
32,23,2734.5
32,24,2516.6
33,1,2311.5
33,2,2168.7
33,3,2112.6
33,4,2185.5
33,5,2224.1
33,6,2283.5
33,7,2661.2
33,8,2977.2
33,9,2844.8
33,10,2694.6
33,11,2643.9
33,12,2584.7
33,13,2519.3
33,14,2499.1
33,15,2585.3
33,16,2730.3
33,17,2890.5
33,18,3047.9
33,19,3082.2
33,20,3030.0
33,21,2965.0
33,22,2849.8
33,23,2681.1
33,24,2465.3
34,1,2267.4
34,2,2129.8
34,3,2087.9
34,4,2058.5
34,5,2090.7
34,6,2111.0
34,7,2203.9
34,8,2328.2
34,9,2585.4
34,10,2753.0
34,11,2833.1
34,12,2834.9
34,13,2828.3
34,14,2800.9
34,15,2872.6
34,16,2806.9
34,17,2831.6
34,18,2971.0
34,19,3100.2
34,20,2925.2
34,21,2767.2
34,22,2618.9
34,23,2522.4
34,24,2418.1
35,1,2187.9
35,2,2088.5
35,3,2034.7
35,4,2009.1
35,5,2022.5
35,6,2081.1
35,7,2118.7
35,8,2230.2
35,9,2426.9
35,10,2721.9
35,11,2872.6
35,12,2927.4
35,13,2906.8
35,14,2914.0
35,15,2927.3
35,16,2987.8
35,17,3074.9
35,18,3077.8
35,19,3000.3
35,20,2950.1
35,21,2847.3
35,22,2795.3
35,23,2614.2
35,24,2322.4
36,1,2061.6
36,2,1939.2
36,3,1915.0
36,4,1861.4
36,5,1890.4
36,6,1993.0
36,7,2332.4
36,8,2645.0
36,9,2509.7
36,10,2256.1
36,11,2260.2
36,12,2263.3
36,13,2235.7
36,14,2269.3
36,15,2301.2
36,16,2402.0
36,17,2744.8
36,18,2963.7
36,19,3016.2
36,20,3038.9
36,21,3003.9
36,22,2989.2
36,23,2766.8
36,24,2445.5
37,1,2143.6
37,2,2027.4
37,3,2024.2
37,4,2021.0
37,5,2030.7
37,6,2144.3
37,7,2430.3
37,8,2694.4
37,9,2588.2
37,10,2458.8
37,11,2414.8
37,12,2265.1
37,13,2171.4
37,14,2161.1
37,15,2121.3
37,16,2256.6
37,17,2570.6
37,18,2848.4
37,19,2855.3
37,20,2764.0
37,21,2860.7
37,22,2933.1
37,23,2787.2
37,24,2493.3
38,1,2215.7
38,2,2031.0
38,3,2005.7
38,4,2009.9
38,5,2044.4
38,6,2146.5
38,7,2480.6
38,8,2766.8
38,9,2611.0
38,10,2510.6
38,11,2381.0
38,12,2271.5
38,13,2231.0
38,14,2100.8
38,15,2161.8
38,16,2325.9
38,17,2522.7
38,18,2770.2
38,19,2930.0
38,20,2871.0
38,21,2911.8
38,22,3006.2
38,23,2901.0
38,24,2595.2
39,1,2366.1
39,2,2186.9
39,3,2170.8
39,4,2188.1
39,5,2186.5
39,6,2283.1
39,7,2634.9
39,8,2966.0
39,9,2812.0
39,10,2598.5
39,11,2425.6
39,12,2354.7
39,13,2250.2
39,14,2202.0
39,15,2205.8
39,16,2234.2
39,17,2423.8
39,18,2747.3
39,19,2870.1
39,20,2942.6
39,21,2994.9
39,22,2985.7
39,23,2881.0
39,24,2634.5
40,1,2405.1
40,2,2314.5
40,3,2227.9
40,4,2243.2
40,5,2298.5
40,6,2355.3
40,7,2661.9
40,8,2980.9
40,9,2879.5
40,10,2754.3
40,11,2591.1
40,12,2433.9
40,13,2425.7
40,14,2390.9
40,15,2459.2
40,16,2596.0
40,17,2850.6
40,18,3059.4
40,19,3136.5
40,20,3116.7
40,21,2991.0
40,22,2839.1
40,23,2737.0
40,24,2530.3
41,1,2321.9
41,2,2170.3
41,3,2100.3
41,4,2041.6
41,5,2074.2
41,6,2096.9
41,7,2116.7
41,8,2230.0
41,9,2539.2
41,10,2670.6
41,11,2687.9
41,12,2639.0
41,13,2517.4
41,14,2482.2
41,15,2477.6
41,16,2524.8
41,17,2581.7
41,18,2686.2
41,19,2840.7
41,20,2766.6
41,21,2614.5
41,22,2418.8
41,23,2324.6
41,24,2161.4
42,1,2012.1
42,2,1950.6
42,3,1869.1
42,4,1821.3
42,5,1824.5
42,6,1838.8
42,7,1886.2
42,8,1953.4
42,9,2130.1
42,10,2452.5
42,11,2573.6
42,12,2610.3
42,13,2586.3
42,14,2563.1
42,15,2505.6
42,16,2528.2
42,17,2571.0
42,18,2770.6
42,19,2834.2
42,20,2810.1
42,21,2730.4
42,22,2686.4
42,23,2540.8
42,24,2265.5
43,1,2079.0
43,2,1950.0
43,3,1930.8
43,4,1945.5
43,5,1969.4
43,6,2023.2
43,7,2244.0
43,8,2517.3
43,9,2493.2
43,10,2370.7
43,11,2278.8
43,12,2199.1
43,13,2113.9
43,14,2103.1
43,15,2100.5
43,16,2184.1
43,17,2407.8
43,18,2619.0
43,19,2647.1
43,20,2637.5
43,21,2699.3
43,22,2593.5
43,23,2434.1
43,24,2254.9
44,1,2008.8
44,2,1884.9
44,3,1850.6
44,4,1849.4
44,5,1889.4
44,6,1979.4
44,7,2242.9
44,8,2463.7
44,9,2440.4
44,10,2301.6
44,11,2204.6
44,12,2195.5
44,13,2157.6
44,14,2160.2
44,15,2124.2
44,16,2187.0
44,17,2421.9
44,18,2669.4
44,19,2795.7
44,20,2734.6
44,21,2656.1
44,22,2671.9
44,23,2630.3
44,24,2351.1
45,1,2126.9
45,2,2011.1
45,3,2002.7
45,4,2029.0
45,5,2085.7
45,6,2148.0
45,7,2440.6
45,8,2677.8
45,9,2669.4
45,10,2541.6
45,11,2318.6
45,12,2175.2
45,13,2000.3
45,14,1977.9
45,15,1944.5
45,16,1979.7
45,17,2205.1
45,18,2458.0
45,19,2606.3
45,20,2653.7
45,21,2737.7
45,22,2712.9
45,23,2541.4
45,24,2336.2
46,1,2125.3
46,2,2022.6
46,3,2054.3
46,4,2031.8
46,5,2092.6
46,6,2163.0
46,7,2414.8
46,8,2641.2
46,9,2581.9
46,10,2476.7
46,11,2428.0
46,12,2455.8
46,13,2392.3
46,14,2389.2
46,15,2455.2
46,16,2520.6
46,17,2718.5
46,18,2861.0
46,19,2887.4
46,20,2811.8
46,21,2798.6
46,22,2704.0
46,23,2525.5
46,24,2401.7
47,1,2214.5
47,2,2034.9
47,3,2002.9
47,4,1992.5
47,5,2018.8
47,6,2083.2
47,7,2327.7
47,8,2534.1
47,9,2539.6
47,10,2420.2
47,11,2359.1
47,12,2377.1
47,13,2399.1
47,14,2390.4
47,15,2403.6
47,16,2487.9
47,17,2563.5
47,18,2765.8
47,19,2763.1
47,20,2673.3
47,21,2620.7
47,22,2482.5
47,23,2399.3
47,24,2219.1
48,1,2074.2
48,2,1925.5
48,3,1849.3
48,4,1813.4
48,5,1817.8
48,6,1839.5
48,7,1913.5
48,8,1967.2
48,9,2135.1
48,10,2391.9
48,11,2562.4
48,12,2543.9
48,13,2425.4
48,14,2374.4
48,15,2328.7
48,16,2345.9
48,17,2416.4
48,18,2550.7
48,19,2762.1
48,20,2741.2
48,21,2609.3
48,22,2507.6
48,23,2407.3
48,24,2265.2
49,1,2120.0
49,2,2053.8
49,3,1939.9
49,4,1917.4
49,5,1926.2
49,6,1932.6
49,7,2011.6
49,8,2093.9
49,9,2262.5
49,10,2503.0
49,11,2538.4
49,12,2520.6
49,13,2494.1
49,14,2330.3
49,15,2268.2
49,16,2305.7
49,17,2394.6
49,18,2591.9
49,19,2730.6
49,20,2798.2
49,21,2778.7
49,22,2701.5
49,23,2671.1
49,24,2406.5
50,1,2205.9
50,2,2072.7
50,3,2069.8
50,4,2130.9
50,5,2140.7
50,6,2219.8
50,7,2547.0
50,8,2782.8
50,9,2697.5
50,10,2521.4
50,11,2412.8
50,12,2239.8
50,13,2112.6
50,14,2130.3
50,15,2128.2
50,16,2194.0
50,17,2470.3
50,18,2787.3
50,19,2867.3
50,20,2906.0
50,21,2935.0
50,22,2901.5
50,23,2775.3
50,24,2444.5
51,1,2212.5
51,2,2145.0
51,3,2147.6
51,4,2129.0
51,5,2128.4
51,6,2257.9
51,7,2589.2
51,8,2888.2
51,9,2771.6
51,10,2702.6
51,11,2558.7
51,12,2496.8
51,13,2394.5
51,14,2362.3
51,15,2369.9
51,16,2506.7
51,17,2734.6
51,18,2982.0
51,19,3115.7
51,20,3129.5
51,21,3094.2
51,22,3048.8
51,23,2911.0
51,24,2609.5
52,1,2412.4
52,2,2295.6
52,3,2268.5
52,4,2277.1
52,5,2329.8
52,6,2437.8
52,7,2720.8
52,8,3016.8
52,9,2941.7
52,10,2806.0
52,11,2649.6
52,12,2468.5
52,13,2334.2
52,14,2253.8
52,15,2239.5
52,16,2305.5
52,17,2620.3
52,18,2898.6
52,19,3068.1
52,20,3097.7
52,21,3052.3
52,22,3127.1
52,23,3006.1
52,24,2783.3
53,1,2567.4
53,2,2487.6
53,3,2449.7
53,4,2438.3
53,5,2481.7
53,6,2559.5
53,7,2878.8
53,8,3206.4
53,9,3107.6
53,10,3017.1
53,11,2854.0
53,12,2788.5
53,13,2669.6
53,14,2680.7
53,15,2626.2
53,16,2629.0
53,17,2792.7
53,18,3025.4
53,19,3221.5
53,20,3248.6
53,21,3266.1
53,22,3280.3
53,23,3114.2
53,24,2784.0
54,1,2574.1
54,2,2521.7
54,3,2459.2
54,4,2471.7
54,5,2527.4
54,6,2588.7
54,7,2867.2
54,8,3247.5
54,9,3083.3
54,10,2959.6
54,11,2853.2
54,12,2789.8
54,13,2673.3
54,14,2563.7
54,15,2506.9
54,16,2475.7
54,17,2685.1
54,18,2949.2
54,19,3104.1
54,20,3037.0
54,21,3005.1
54,22,2866.2
54,23,2797.8
54,24,2630.6
55,1,2442.8
55,2,1680.5
55,3,2219.9
55,4,2252.4
55,5,2249.4
55,6,2288.1
55,7,2365.0
55,8,2458.4
55,9,2771.0
55,10,2954.2
55,11,3110.2
55,12,3035.8
55,13,3101.4
55,14,3092.9
55,15,3115.5
55,16,3172.7
55,17,3234.9
55,18,3318.0
55,19,3464.6
55,20,3395.6
55,21,3230.5
55,22,3087.2
55,23,2913.4
55,24,2772.1
56,1,2590.5
56,2,2456.1
56,3,2341.1
56,4,2319.3
56,5,2320.5
56,6,2343.1
56,7,2406.9
56,8,2477.0
56,9,2672.5
56,10,2854.2
56,11,2972.8
56,12,2972.8
56,13,2968.8
56,14,2976.6
56,15,2918.6
56,16,2972.7
56,17,3003.7
56,18,3081.6
56,19,3130.5
56,20,3205.0
56,21,3154.4
56,22,2979.5
56,23,2869.7
56,24,2516.3
57,1,2294.3
57,2,2157.3
57,3,2118.1
57,4,2085.3
57,5,2076.3
57,6,2161.1
57,7,2491.3
57,8,2785.0
57,9,2618.7
57,10,2476.6
57,11,2369.4
57,12,2261.4
57,13,2218.4
57,14,2187.1
57,15,2167.5
57,16,2253.0
57,17,2571.1
57,18,2748.2
57,19,2857.7
57,20,2953.4
57,21,2941.1
57,22,2980.6
57,23,2784.8
57,24,2426.8
58,1,2192.3
58,2,2090.1
58,3,2020.4
58,4,2045.9
58,5,2071.3
58,6,2125.7
58,7,2500.9
58,8,2776.5
58,9,2622.2
58,10,2494.2
58,11,2361.6
58,12,2240.5
58,13,2236.9
58,14,2263.4
58,15,2310.6
58,16,2441.7
58,17,2566.4
58,18,2771.6
58,19,2982.2
58,20,2998.6
58,21,3067.5
58,22,3019.9
58,23,2835.3
58,24,2537.5
59,1,2280.1
59,2,2114.6
59,3,2075.6
59,4,2092.3
59,5,2132.2
59,6,2214.3
59,7,2532.0
59,8,2815.0
59,9,2682.4
59,10,2535.2
59,11,2424.6
59,12,2333.8
59,13,2267.9
59,14,2216.6
59,15,2251.4
59,16,2451.6
59,17,2686.9
59,18,2850.4
59,19,2957.5
59,20,2923.2
59,21,2927.2
59,22,3044.9
59,23,2892.4
59,24,2543.3
60,1,2339.8
60,2,2255.9
60,3,2172.2
60,4,2181.0
60,5,2225.3
60,6,2280.4
60,7,2624.9
60,8,2997.3
60,9,2843.7
60,10,2572.5
60,11,2435.5
60,12,2296.6
60,13,2119.3
60,14,2088.0
60,15,2041.3
60,16,2129.3
60,17,2351.4
60,18,2524.2
60,19,2733.2
60,20,2752.3
60,21,2804.1
60,22,2819.7
60,23,2743.0
60,24,2443.7
61,1,2200.3
61,2,2145.5
61,3,2091.6
61,4,2063.9
61,5,2118.1
61,6,2225.6
61,7,2573.4
61,8,2879.9
61,9,2766.2
61,10,2652.1
61,11,2609.6
61,12,2480.4
61,13,2415.9
61,14,2459.8
61,15,2467.8
61,16,2492.1
61,17,2673.9
61,18,2919.7
61,19,3031.4
61,20,3039.0
61,21,2981.9
61,22,2848.3
61,23,2705.9
61,24,2561.0
62,1,2374.4
62,2,2251.5
62,3,2224.1
62,4,2261.0
62,5,2237.6
62,6,2278.2
62,7,2340.5
62,8,2522.6
62,9,2819.7
62,10,2990.2
62,11,2998.4
62,12,2984.9
62,13,2918.3
62,14,2946.0
62,15,2935.3
62,16,2925.8
62,17,3053.7
62,18,3092.5
62,19,3266.0
62,20,3248.9
62,21,3081.3
62,22,2883.1
62,23,2774.1
62,24,2587.8
63,1,2378.5
63,2,2291.1
63,3,2139.3
63,4,2129.4
63,5,2138.3
63,6,2133.5
63,7,2163.4
63,8,2220.6
63,9,2400.6
63,10,2682.2
63,11,2820.1
63,12,2945.9
63,13,2899.6
63,14,2886.5
63,15,2819.9
63,16,2798.1
63,17,2877.8
63,18,2884.2
63,19,2952.3
63,20,2899.5
63,21,2886.7
63,22,2787.1
63,23,2538.7
63,24,2281.9
64,1,2013.6
64,2,1918.8
64,3,1931.2
64,4,1927.2
64,5,1936.5
64,6,2062.8
64,7,2345.4
64,8,2679.0
64,9,2545.9
64,10,2388.8
64,11,2264.9
64,12,2083.0
64,13,1996.1
64,14,1988.0
64,15,1973.9
64,16,2073.4
64,17,2270.5
64,18,2434.4
64,19,2640.4
64,20,2640.8
64,21,2769.2
64,22,2712.9
64,23,2497.9
64,24,2229.6
65,1,2027.4
65,2,1903.5
65,3,1864.7
65,4,1870.4
65,5,1873.4
65,6,1990.6
65,7,2336.5
65,8,2581.5
65,9,2501.3
65,10,2402.8
65,11,2254.6
65,12,2186.1
65,13,2229.5
65,14,2161.8
65,15,2239.3
65,16,2392.4
65,17,2661.5
65,18,2894.7
65,19,2913.9
65,20,2946.8
65,21,2960.7
65,22,2823.5
65,23,2670.4
65,24,2376.9
66,1,2111.8
66,2,2005.7
66,3,1943.4
66,4,1898.6
66,5,1961.4
66,6,2024.4
66,7,2338.8
66,8,2634.1
66,9,2529.2
66,10,2402.1
66,11,2227.0
66,12,2157.2
66,13,2103.4
66,14,2043.9
66,15,2095.6
66,16,2179.8
66,17,2372.1
66,18,2610.4
66,19,2703.3
66,20,2762.9
66,21,2721.4
66,22,2699.5
66,23,2603.0
66,24,2295.9
67,1,2102.1
67,2,1983.4
67,3,1921.9
67,4,1912.0
67,5,1968.7
67,6,2029.2
67,7,2345.0
67,8,2727.8
67,9,2657.5
67,10,2588.6
67,11,2497.6
67,12,2372.5
67,13,2237.7
67,14,2149.9
67,15,2214.3
67,16,2245.6
67,17,2391.4
67,18,2669.0
67,19,2759.4
67,20,2830.9
67,21,2800.4
67,22,2706.9
67,23,2528.8
67,24,2273.1
68,1,2095.0
68,2,1990.2
68,3,1951.2
68,4,1928.0
68,5,2015.8
68,6,2075.7
68,7,2281.8
68,8,2624.0
68,9,2690.9
68,10,2711.0
68,11,2693.9
68,12,2554.1
68,13,2413.1
68,14,2388.1
68,15,2285.1
68,16,2300.4
68,17,2487.1
68,18,2672.1
68,19,2912.5
68,20,2911.0
68,21,2839.1
68,22,2728.7
68,23,2587.6
68,24,2455.3
69,1,2332.6
69,2,2227.0
69,3,2202.5
69,4,2185.0
69,5,2251.2
69,6,2306.6
69,7,2384.6
69,8,2575.7
69,9,2713.5
69,10,2910.7
69,11,2963.2
69,12,2943.3
69,13,2840.6
69,14,2787.5
69,15,2724.0
69,16,2680.6
69,17,2774.9
69,18,2994.7
69,19,3128.7
69,20,3105.4
69,21,3006.6
69,22,2813.3
69,23,2622.9
69,24,2478.3
70,1,2259.8
70,2,2106.4
70,3,2040.3
70,4,1963.2
70,5,2007.6
70,6,2012.4
70,7,2086.8
70,8,2180.5
70,9,2361.8
70,10,2636.2
70,11,2835.3
70,12,2927.9
70,13,2931.8
70,14,2895.9
70,15,2877.0
70,16,2873.9
70,17,2890.4
70,18,2950.8
70,19,2979.9
70,20,2935.9
70,21,2807.8
70,22,2666.1
70,23,2478.4
70,24,2272.7
71,1,2084.8
71,2,1947.7
71,3,1880.8
71,4,1877.3
71,5,1893.0
71,6,1991.7
71,7,2239.2
71,8,2544.4
71,9,2752.8
71,10,2667.6
71,11,2580.1
71,12,2565.5
71,13,2410.9
71,14,2356.4
71,15,2340.4
71,16,2413.6
71,17,2610.8
71,18,2765.7
71,19,2851.5
71,20,2813.9
71,21,2730.2
71,22,2681.3
71,23,2484.1
71,24,2173.8
72,1,2030.3
72,2,1862.9
72,3,1840.8
72,4,1895.6
72,5,1875.8
72,6,1970.5
72,7,2106.6
72,8,2363.4
72,9,2553.8
72,10,2474.0
72,11,2436.1
72,12,2360.5
72,13,2292.9
72,14,2194.0
72,15,2222.5
72,16,2249.6
72,17,2398.3
72,18,2611.3
72,19,2698.0
72,20,2688.8
72,21,2584.9
72,22,2498.9
72,23,2329.3
72,24,2108.3
73,1,1906.5
73,2,1731.2
73,3,1690.2
73,4,1712.3
73,5,1756.5
73,6,1816.0
73,7,2039.1
73,8,2338.8
73,9,2475.0
73,10,2369.2
73,11,2340.9
73,12,2311.5
73,13,2200.1
73,14,2156.2
73,15,2138.1
73,16,2218.4
73,17,2305.0
73,18,2506.3
73,19,2721.9
73,20,2735.2
73,21,2655.3
73,22,2541.1
73,23,2332.1
73,24,2105.2
74,1,1946.8
74,2,1819.9
74,3,1839.9
74,4,1845.3
74,5,1870.4
74,6,1984.3
74,7,2140.0
74,8,2436.5
74,9,2607.1
74,10,2546.7
74,11,2365.5
74,12,2360.6
74,13,2292.1
74,14,2191.2
74,15,2127.9
74,16,2173.3
74,17,2429.2
74,18,2548.8
74,19,2706.3
74,20,2757.4
74,21,2687.7
74,22,2566.9
74,23,2404.4
74,24,2134.8
75,1,1931.7
75,2,1821.6
75,3,1817.2
75,4,1866.8
75,5,1939.6
75,6,2019.8
75,7,2223.3
75,8,2480.8
75,9,2669.8
75,10,2557.1
75,11,2444.6
75,12,2361.5
75,13,2232.8
75,14,2202.9
75,15,2166.2
75,16,2209.9
75,17,2271.5
75,18,2479.4
75,19,2726.1
75,20,2788.8
75,21,2768.2
75,22,2592.3
75,23,2491.3
75,24,2367.1
